rank,model,tasks,rows_compared,gold_rows,prediction_rows,coverage,unmatched_gold_rows,unmatched_prediction_rows,weighted_macro_accuracy,weighted_macro_precision,weighted_macro_recall,weighted_macro_f1,weighted_exact_labelset_accuracy
1,nemotron-cascade-2_latest,2,1014,1014,1014,1.0,0,0,0.8288954635108481,0.32632204674132786,0.5635595623760197,0.4060451179076042,0.5443786982248521
2,gemma4_31b,2,1014,1014,1014,1.0,0,0,0.8394970414201184,0.33747341561524585,0.5047139524476475,0.38526409420182534,0.5542406311637081
3,gpt-oss_20b-cloud,2,1014,1014,1014,1.0,0,0,0.8451676528599605,0.3127258091979401,0.4682732218610906,0.37393027564828396,0.5710059171597633
4,qwen3.6_35b,2,1014,1014,1014,1.0,0,0,0.861439842209073,0.314997231988944,0.43952099057276706,0.36414151133091405,0.5631163708086785
5,mistral-small_latest,2,1014,1014,1014,1.0,0,0,0.743836291913215,0.24007269806755915,0.38991300422965697,0.28257348367880974,0.25542406311637084
