rank,model,tasks,rows_compared,gold_rows,prediction_rows,coverage,unmatched_gold_rows,unmatched_prediction_rows,weighted_macro_accuracy,weighted_macro_precision,weighted_macro_recall,weighted_macro_f1,weighted_exact_labelset_accuracy
1,balanced_fewshot/gemma4_31b-cloud__gpt-oss_20b-cloud__nemotron-3-nano_30b-cloud,1,467,467,467,1.0,0,0,0.841541755888651,0.29425040362007415,0.4805677054856935,0.3647537578119191,0.5546038543897216
2,balanced_fewshot/gemma4_31b__gpt-oss_20b-cloud__nemotron-3-nano_30b-cloud,1,547,547,547,1.0,0,0,0.8610603290676416,0.2933119069482706,0.48092384519350806,0.3643626924453992,0.6014625228519196
3,comparative_counterexamples_fewshot/gemma4_31b__gpt-oss_20b__nemotron-cascade-2_latest,1,547,547,547,1.0,0,0,0.8706581352833638,0.31612545495905364,0.41943820224719097,0.3602903848106407,0.5758683729433273
4,comparative_counterexamples_fewshot/gemma4_31b-cloud__gpt-oss_20b-cloud__nemotron-3-nano_30b-cloud,1,467,467,467,1.0,0,0,0.8463597430406854,0.3086792267687175,0.42040277018407146,0.3559537798668234,0.5331905781584583
5,strict_evidence_fewshot/gemma4_31b__gpt-oss_20b-cloud__nemotron-3-nano_30b-cloud,2,1014,1014,1014,1.0,0,0,0.8607001972386588,0.32266719327005483,0.40360984238340697,0.3522202846631403,0.5621301775147929
