task,model,rows_compared,gold_rows,prediction_rows,unmatched_gold_rows,unmatched_prediction_rows,macro_accuracy,macro_precision,macro_recall,macro_f1,exact_labelset_accuracy
shopping_Amazon_chat,balanced_fewshot/gemma4_31b-cloud__gpt-oss_20b-cloud__nemotron-3-nano_30b-cloud,467,467,467,0,0,0.841541755888651,0.29425040362007415,0.4805677054856935,0.3647537578119191,0.5546038543897216
shopping_Amazon_chat,comparative_counterexamples_fewshot/gemma4_31b-cloud__gpt-oss_20b-cloud__nemotron-3-nano_30b-cloud,467,467,467,0,0,0.8463597430406853,0.3086792267687175,0.42040277018407146,0.3559537798668234,0.5331905781584583
shopping_Amazon_chat,strict_evidence_fewshot/gemma4_31b__gpt-oss_20b-cloud__nemotron-3-nano_30b-cloud,467,467,467,0,0,0.8452890792291221,0.3189287384087898,0.40181337707308185,0.34790695761023516,0.5353319057815846
shopping_ebay_chat,balanced_fewshot/gemma4_31b__gpt-oss_20b-cloud__nemotron-3-nano_30b-cloud,547,547,547,0,0,0.8610603290676416,0.2933119069482706,0.4809238451935081,0.3643626924453992,0.6014625228519196
shopping_ebay_chat,comparative_counterexamples_fewshot/gemma4_31b__gpt-oss_20b__nemotron-cascade-2_latest,547,547,547,0,0,0.8706581352833638,0.31612545495905364,0.41943820224719097,0.3602903848106407,0.5758683729433273
shopping_ebay_chat,strict_evidence_fewshot/gemma4_31b__gpt-oss_20b-cloud__nemotron-3-nano_30b-cloud,547,547,547,0,0,0.8738574040219378,0.3258588905647729,0.405143570536829,0.3559027777777778,0.5850091407678245
