task,model,rows_compared,gold_rows,prediction_rows,unmatched_gold_rows,unmatched_prediction_rows,macro_accuracy,macro_precision,macro_recall,macro_f1,exact_labelset_accuracy
shopping_Amazon_chat,balanced_fewshot/gemma4_31b-cloud,467,467,467,0,0,0.8249464668094219,0.2795937682003494,0.4944186258429014,0.3571055133079848,0.5374732334047109
shopping_Amazon_chat,balanced_fewshot/gpt-oss_20b-cloud,467,467,467,0,0,0.8340471092077087,0.29391791044776117,0.4588572990705303,0.3582327645998058,0.5353319057815846
shopping_Amazon_chat,balanced_fewshot/nemotron-3-nano_30b-cloud,467,467,467,0,0,0.8506423982869379,0.32048834804740317,0.3961864406779661,0.353469696969697,0.563169164882227
shopping_Amazon_chat,comparative_counterexamples_fewshot/gemma4_31b-cloud,467,467,467,0,0,0.826017130620985,0.2902590183063087,0.48198013486422453,0.36219663836720695,0.5074946466809421
shopping_Amazon_chat,comparative_counterexamples_fewshot/gpt-oss_20b-cloud,467,467,467,0,0,0.8394004282655246,0.34731878012606604,0.4178209100297673,0.36881311993209615,0.5117773019271948
shopping_Amazon_chat,comparative_counterexamples_fewshot/nemotron-3-nano_30b-cloud,467,467,467,0,0,0.80406852248394,0.32219836932951684,0.24575986422453072,0.27655001972494386,0.4132762312633833
shopping_Amazon_chat,strict_evidence_fewshot/gemma4_31b,467,467,467,0,0,0.8452890792291221,0.31221785350225717,0.42837616183706945,0.35576646534368705,0.5203426124197003
shopping_Amazon_chat,strict_evidence_fewshot/gpt-oss_20b-cloud,467,467,467,0,0,0.8372591006423983,0.31001338304177417,0.39616365955895755,0.3401549765733087,0.5224839400428265
shopping_Amazon_chat,strict_evidence_fewshot/nemotron-3-nano_30b-cloud,467,467,467,0,0,0.8179871520342612,0.3161717791411043,0.24781301257517768,0.2770545930662821,0.44967880085653106
