rank,model,tasks,rows_compared,gold_rows,prediction_rows,coverage,unmatched_gold_rows,unmatched_prediction_rows,weighted_macro_accuracy,weighted_macro_precision,weighted_macro_recall,weighted_macro_f1,weighted_exact_labelset_accuracy
1,strict_evidence_fewshot/gemma4_31b__gpt-oss_20b-cloud__nemotron-3-nano_30b-cloud,2,1014,1014,1014,1.0,0,0,0.8609467455621301,0.39009815973948286,0.41398383722485743,0.3702018757216544,0.5621301775147929
2,balanced_fewshot/gemma4_31b-cloud__gpt-oss_20b-cloud__nemotron-3-nano_30b-cloud,1,467,467,467,1.0,0,0,0.841541755888651,0.29425040362007415,0.4805677054856935,0.3647537578119191,0.5546038543897216
3,balanced_fewshot/gemma4_31b__gpt-oss_20b-cloud__nemotron-3-nano_30b-cloud,1,547,547,547,1.0,0,0,0.8606032906764168,0.2933119069482706,0.48092384519350806,0.3643626924453992,0.6014625228519196
4,comparative_counterexamples_fewshot/gemma4_31b__gpt-oss_20b__nemotron-cascade-2_latest,1,547,547,547,1.0,0,0,0.8697440585009141,0.31612545495905364,0.41943820224719097,0.3602903848106407,0.5740402193784278
5,comparative_counterexamples_fewshot/gemma4_31b-cloud__gpt-oss_20b-cloud__nemotron-3-nano_30b-cloud,1,467,467,467,1.0,0,0,0.8458244111349036,0.3086792267687175,0.42040277018407146,0.3559537798668234,0.5310492505353319
