task,model,rows_compared,gold_rows,prediction_rows,unmatched_gold_rows,unmatched_prediction_rows,macro_accuracy,macro_precision,macro_recall,macro_f1,exact_labelset_accuracy
shopping_Amazon_chat,balanced_fewshot/gemma4_31b-cloud__gpt-oss_20b-cloud__nemotron-3-nano_30b-cloud,467,467,467,0,0,0.841541755888651,0.29425040362007415,0.4805677054856935,0.3647537578119191,0.5546038543897216
shopping_Amazon_chat,comparative_counterexamples_fewshot/gemma4_31b-cloud__gpt-oss_20b-cloud__nemotron-3-nano_30b-cloud,467,467,467,0,0,0.8458244111349036,0.3086792267687175,0.42040277018407146,0.3559537798668234,0.5310492505353319
shopping_Amazon_chat,strict_evidence_fewshot/gemma4_31b__gpt-oss_20b-cloud__nemotron-3-nano_30b-cloud,467,467,467,0,0,0.8452890792291221,0.3189287384087898,0.40181337707308185,0.34790695761023516,0.5353319057815846
shopping_ebay_chat,balanced_fewshot/gemma4_31b__gpt-oss_20b-cloud__nemotron-3-nano_30b-cloud,547,547,547,0,0,0.8606032906764168,0.2933119069482706,0.4809238451935081,0.3643626924453992,0.6014625228519196
shopping_ebay_chat,comparative_counterexamples_fewshot/gemma4_31b__gpt-oss_20b__nemotron-cascade-2_latest,547,547,547,0,0,0.8697440585009141,0.31612545495905364,0.41943820224719097,0.3602903848106407,0.5740402193784278
shopping_ebay_chat,strict_evidence_fewshot/gemma4_31b__gpt-oss_20b-cloud__nemotron-3-nano_30b-cloud,547,547,547,0,0,0.8743144424131627,0.4508588905647729,0.4243743397675982,0.3892361111111111,0.5850091407678245
